{"cameraMode":{"drawMode":0,"name":"Shaded","section":"Shading Mode"},"sceneLighting":false,"audioPlay":false,"sceneViewState":{"showFog":true,"showMaterialUpdate":false,"showSkybox":false,"showFlares":true,"showImageEffects":true,"showParticleSystems":true},"in2DMode":false,"pivot":{"x":-0.6344376802444458,"y":10.493268966674805,"z":15.934215545654297},"rotation":{"x":0.16720859706401826,"y":0.005915565881878138,"z":-0.001003590994514525,"w":0.9859050512313843},"size":7.19254207611084,"orthographic":false}