{"cameraMode":{"drawMode":0,"name":"Shaded","section":"Shading Mode"},"sceneLighting":false,"audioPlay":false,"sceneViewState":{"showFog":true,"showMaterialUpdate":false,"showSkybox":false,"showFlares":true,"showImageEffects":true,"showParticleSystems":true},"in2DMode":false,"pivot":{"x":8.34027099609375,"y":5.924314498901367,"z":9.853405952453614},"rotation":{"x":0.14380916953086854,"y":-0.0014896787470206619,"z":0.00021640291379299015,"w":0.9896050691604614},"size":5.9833574295043949,"orthographic":false}