{"cameraMode":{"drawMode":0,"name":"Shaded","section":"Shading Mode"},"sceneLighting":true,"audioPlay":false,"sceneViewState":{"showFog":true,"showMaterialUpdate":false,"showSkybox":true,"showFlares":true,"showImageEffects":true,"showParticleSystems":true},"in2DMode":false,"pivot":{"x":582.2763061523438,"y":322.8168029785156,"z":-115.654296875},"rotation":{"x":-0.01049911230802536,"y":0.001543620484881103,"z":-0.000013585004126070999,"w":-0.9999885559082031},"size":681.6006469726563,"orthographic":false}