{"cameraMode":{"drawMode":0,"name":"Shaded","section":"Shading Mode"},"sceneLighting":false,"audioPlay":false,"sceneViewState":{"showFog":true,"showMaterialUpdate":false,"showSkybox":false,"showFlares":true,"showImageEffects":true,"showParticleSystems":true},"in2DMode":false,"pivot":{"x":14.34001636505127,"y":5.5548996925354,"z":-5.8930487632751469},"rotation":{"x":-0.00974787026643753,"y":0.988865315914154,"z":-0.12827515602111817,"w":-0.07518647611141205},"size":11.477049827575684,"orthographic":false}