{"cameraMode":{"drawMode":0,"name":"Shaded","section":"Shading Mode"},"sceneLighting":false,"audioPlay":false,"sceneViewState":{"showFog":true,"showMaterialUpdate":false,"showSkybox":false,"showFlares":true,"showImageEffects":true,"showParticleSystems":true},"in2DMode":false,"pivot":{"x":7.7851457595825199,"y":6.689295768737793,"z":-0.2755929231643677},"rotation":{"x":-0.07494886964559555,"y":0.7145181894302368,"z":-0.0774712860584259,"w":-0.6913043260574341},"size":9.70256233215332,"orthographic":false}