{"cameraMode":{"drawMode":0,"name":"Shaded","section":"Shading Mode"},"sceneLighting":false,"audioPlay":false,"sceneViewState":{"showFog":true,"showMaterialUpdate":false,"showSkybox":false,"showFlares":true,"showImageEffects":true,"showParticleSystems":true},"in2DMode":false,"pivot":{"x":1.9552502632141114,"y":11.614728927612305,"z":16.548585891723634},"rotation":{"x":0.12863609194755555,"y":0.010412538424134255,"z":-0.0013509105192497373,"w":0.9916380047798157},"size":5.960254669189453,"orthographic":false}