{"cameraMode":{"drawMode":0,"name":"Shaded","section":"Shading Mode"},"sceneLighting":false,"audioPlay":false,"sceneViewState":{"showFog":true,"showMaterialUpdate":false,"showSkybox":false,"showFlares":true,"showImageEffects":true,"showParticleSystems":true},"in2DMode":false,"pivot":{"x":1.841192364692688,"y":10.382333755493164,"z":16.971681594848634},"rotation":{"x":0.16720859706401826,"y":0.005915565881878138,"z":-0.001003590994514525,"w":0.9859050512313843},"size":4.753379821777344,"orthographic":false}