{"cameraMode":{"drawMode":0,"name":"Shaded","section":"Shading Mode"},"sceneLighting":false,"audioPlay":false,"sceneViewState":{"showFog":true,"showMaterialUpdate":false,"showSkybox":false,"showFlares":true,"showImageEffects":true,"showParticleSystems":true},"in2DMode":false,"pivot":{"x":-5.752554893493652,"y":12.600728988647461,"z":11.317802429199219},"rotation":{"x":0.16720859706401826,"y":0.005915565881878138,"z":-0.001003590994514525,"w":0.9859050512313843},"size":5.849528789520264,"orthographic":false}