{"cameraMode":{"drawMode":0,"name":"Shaded","section":"Shading Mode"},"sceneLighting":false,"audioPlay":false,"sceneViewState":{"showFog":true,"showMaterialUpdate":false,"showSkybox":false,"showFlares":true,"showImageEffects":true,"showParticleSystems":true},"in2DMode":false,"pivot":{"x":14.201079368591309,"y":10.166282653808594,"z":6.456923007965088},"rotation":{"x":-0.03149358928203583,"y":-0.01108749769628048,"z":0.0003482599277049303,"w":-0.9994529485702515},"size":7.286242485046387,"orthographic":false}