{"cameraMode":{"drawMode":0,"name":"Shaded","section":"Shading Mode"},"sceneLighting":false,"audioPlay":false,"sceneViewState":{"showFog":true,"showMaterialUpdate":false,"showSkybox":false,"showFlares":true,"showImageEffects":true,"showParticleSystems":true},"in2DMode":false,"pivot":{"x":6.955556392669678,"y":9.067350387573243,"z":21.16318130493164},"rotation":{"x":0.16720859706401826,"y":0.005915565881878138,"z":-0.001003590994514525,"w":0.9859050512313843},"size":4.186356544494629,"orthographic":false}