{"cameraMode":{"drawMode":0,"name":"Shaded","section":"Shading Mode"},"sceneLighting":false,"audioPlay":false,"sceneViewState":{"showFog":true,"showMaterialUpdate":false,"showSkybox":false,"showFlares":true,"showImageEffects":true,"showParticleSystems":true},"in2DMode":false,"pivot":{"x":10.532602310180664,"y":8.820609092712403,"z":14.946571350097657},"rotation":{"x":-0.03149358928203583,"y":-0.01108749769628048,"z":0.0003482599277049303,"w":-0.9994529485702515},"size":5.032336235046387,"orthographic":false}