{"cameraMode":{"drawMode":0,"name":"Shaded","section":"Shading Mode"},"sceneLighting":true,"audioPlay":false,"sceneViewState":{"showFog":true,"showMaterialUpdate":false,"showSkybox":false,"showFlares":true,"showImageEffects":true,"showParticleSystems":true},"in2DMode":false,"pivot":{"x":27.4454402923584,"y":10.713936805725098,"z":11.830363273620606},"rotation":{"x":0.0007143371622078121,"y":-0.9984833598136902,"z":0.053969401866197589,"w":0.013459126465022564},"size":11.35031795501709,"orthographic":false}