{"cameraMode":{"drawMode":0,"name":"Shaded","section":"Shading Mode"},"sceneLighting":true,"audioPlay":false,"sceneViewState":{"showFog":true,"showMaterialUpdate":false,"showSkybox":true,"showFlares":true,"showImageEffects":true,"showParticleSystems":true},"in2DMode":false,"pivot":{"x":13.502119064331055,"y":7.274960041046143,"z":6.289999961853027},"rotation":{"x":-0.21431559324264527,"y":0.00936961267143488,"z":-0.0020557702518999578,"w":-0.9767211079597473},"size":22.0,"orthographic":false}