{"cameraMode":{"drawMode":0,"name":"Shaded","section":"Shading Mode"},"sceneLighting":true,"audioPlay":false,"sceneViewState":{"showFog":true,"showMaterialUpdate":false,"showSkybox":true,"showFlares":true,"showImageEffects":true,"showParticleSystems":true},"in2DMode":false,"pivot":{"x":541.2907104492188,"y":344.7911376953125,"z":-54.400146484375},"rotation":{"x":0.02099762298166752,"y":-0.0051352763548493389,"z":0.00014459785597864538,"w":0.9998067617416382},"size":656.03955078125,"orthographic":false}