{"cameraMode":{"drawMode":0,"name":"Shaded","section":"Shading Mode"},"sceneLighting":true,"audioPlay":false,"sceneViewState":{"showFog":true,"showMaterialUpdate":false,"showSkybox":true,"showFlares":true,"showImageEffects":true,"showParticleSystems":true},"in2DMode":false,"pivot":{"x":9.238008499145508,"y":3.441817283630371,"z":8.842464447021485},"rotation":{"x":0.14436553418636323,"y":0.6965655088424683,"z":-0.1462845504283905,"w":0.6874281764030457},"size":19.03005599975586,"orthographic":false}