{"cameraMode":{"drawMode":0,"name":"Shaded","section":"Shading Mode"},"sceneLighting":false,"audioPlay":false,"sceneViewState":{"showFog":true,"showMaterialUpdate":false,"showSkybox":false,"showFlares":true,"showImageEffects":true,"showParticleSystems":true},"in2DMode":false,"pivot":{"x":1.59224271774292,"y":11.437524795532227,"z":12.824967384338379},"rotation":{"x":0.12863609194755555,"y":0.010412538424134255,"z":-0.0013509105192497373,"w":0.9916380047798157},"size":5.757811069488525,"orthographic":false}