{"cameraMode":{"drawMode":0,"name":"Shaded","section":"Shading Mode"},"sceneLighting":true,"audioPlay":false,"sceneViewState":{"showFog":true,"showMaterialUpdate":false,"showSkybox":false,"showFlares":true,"showImageEffects":true,"showParticleSystems":true},"in2DMode":false,"pivot":{"x":28.17510986328125,"y":13.097709655761719,"z":11.582168579101563},"rotation":{"x":-0.0001826518273446709,"y":-0.9993185997009277,"z":0.0374906063079834,"w":-0.00451841251924634},"size":200.05186462402345,"orthographic":false}