{"cameraMode":{"drawMode":0,"name":"Shaded","section":"Shading Mode"},"sceneLighting":false,"audioPlay":false,"sceneViewState":{"showFog":true,"showMaterialUpdate":false,"showSkybox":false,"showFlares":true,"showImageEffects":true,"showParticleSystems":true},"in2DMode":false,"pivot":{"x":-3.849386692047119,"y":10.644441604614258,"z":18.644847869873048},"rotation":{"x":0.10033093392848969,"y":0.002984632272273302,"z":-0.0003011084336321801,"w":0.9949511885643005},"size":7.452690601348877,"orthographic":false}