{"cameraMode":{"drawMode":0,"name":"Shaded","section":"Shading Mode"},"sceneLighting":false,"audioPlay":false,"sceneViewState":{"showFog":true,"showMaterialUpdate":false,"showSkybox":false,"showFlares":true,"showImageEffects":true,"showParticleSystems":true},"in2DMode":false,"pivot":{"x":4.8873820304870609,"y":8.455389976501465,"z":15.481670379638672},"rotation":{"x":0.0003575385781005025,"y":0.9968016147613525,"z":-0.08091579377651215,"w":0.0023493783082813026},"size":7.159315586090088,"orthographic":false}