{"cameraMode":{"drawMode":0,"name":"Shaded","section":"Shading Mode"},"sceneLighting":false,"audioPlay":false,"sceneViewState":{"showFog":true,"showMaterialUpdate":false,"showSkybox":false,"showFlares":true,"showImageEffects":true,"showParticleSystems":true},"in2DMode":false,"pivot":{"x":13.502119064331055,"y":7.274960041046143,"z":6.289999961853027},"rotation":{"x":-0.03149358928203583,"y":-0.01108749769628048,"z":0.0003482599277049303,"w":-0.9994529485702515},"size":22.0,"orthographic":false}