{"cameraMode":{"drawMode":0,"name":"Shaded","section":"Shading Mode"},"sceneLighting":true,"audioPlay":false,"sceneViewState":{"showFog":true,"showMaterialUpdate":false,"showSkybox":true,"showFlares":true,"showImageEffects":true,"showParticleSystems":true},"in2DMode":false,"pivot":{"x":16.565608978271486,"y":3.0127782821655275,"z":9.637807846069336},"rotation":{"x":0.16844597458839417,"y":0.6861668825149536,"z":-0.16814176738262177,"w":0.6874082088470459},"size":18.658660888671876,"orthographic":false}