{"cameraMode":{"drawMode":0,"name":"Shaded","section":"Shading Mode"},"sceneLighting":false,"audioPlay":false,"sceneViewState":{"showFog":true,"showMaterialUpdate":false,"showSkybox":false,"showFlares":true,"showImageEffects":true,"showParticleSystems":true},"in2DMode":false,"pivot":{"x":4.085000038146973,"y":8.790109634399414,"z":15.215709686279297},"rotation":{"x":0.12863609194755555,"y":0.010412538424134255,"z":-0.0013509105192497373,"w":0.9916380047798157},"size":5.6816816329956059,"orthographic":false}