{"cameraMode":{"drawMode":0,"name":"Shaded","section":"Shading Mode"},"sceneLighting":true,"audioPlay":false,"sceneViewState":{"showFog":true,"showMaterialUpdate":false,"showSkybox":true,"showFlares":true,"showImageEffects":true,"showParticleSystems":true},"in2DMode":false,"pivot":{"x":635.8675537109375,"y":324.15509033203127,"z":12.6451416015625},"rotation":{"x":0.0824037566781044,"y":0.011327635496854782,"z":-0.0008995619136840105,"w":0.9965752959251404},"size":851.2589111328125,"orthographic":false}