{"cameraMode":{"drawMode":0,"name":"Shaded","section":"Shading Mode"},"sceneLighting":false,"audioPlay":false,"sceneViewState":{"showFog":true,"showMaterialUpdate":false,"showSkybox":false,"showFlares":true,"showImageEffects":true,"showParticleSystems":true},"in2DMode":false,"pivot":{"x":12.699999809265137,"y":7.260552406311035,"z":-1.149999976158142},"rotation":{"x":-0.07494886964559555,"y":0.7145181894302368,"z":-0.0774712860584259,"w":-0.6913043260574341},"size":8.614898681640625,"orthographic":false}